Index,Input_SIR,SIR_oracle,SIR_duet,SIR_mvdr,PESQ_oracle,PESQ_duet,PESQ_mvdr,STOI_oracle,STOI_duet,STOI_mvdr,Memory_oracle,Memory_duet,Memory_mvdr,Runtime_oracle,Runtime_duet,Runtime_mvdr
0,-4.75775443839192,35.70012040739587,8.523510321943093,20.645882879411033,1.8177087306976318,1.0794428586959839,1.3806962966918945,0.9417105699573554,0.7729258921323019,0.8990702471036303,21.69,20.14,8.63,0.1185,0.0516,0.8146
1,-0.6806329507124538,28.85470605819838,9.939163915962064,20.387000333483837,1.829681634902954,1.0927399396896362,1.4648518562316895,0.9527035396412544,0.8069356126069128,0.9230237231291022,23.34,21.47,8.87,0.0917,0.0397,0.7952
2,-6.797236629738132,30.775963356832502,9.448819682998316,17.3069280355687,1.558506965637207,1.057938575744629,1.219525694847107,0.934765347202642,0.7501882607223512,0.891618481814986,20.3,18.79,8.44,0.086,0.0376,0.7523
3,-2.8153968784257155,32.965768859711616,5.084893137977322,23.256509704211975,1.9143178462982178,1.1557241678237915,1.6965665817260742,0.9548568741565132,0.8281483907371088,0.9408562063404481,24.24,22.42,8.99,0.1016,0.0417,0.8727
4,-1.8615742877030224,27.31564797666731,8.422593056956954,19.343030518854356,1.920853853225708,1.1421775817871094,1.4478787183761597,0.9416128705014024,0.834503113530909,0.9192053796610659,25.8,23.63,9.21,0.1021,0.0433,0.8592
