sample_id,mvdr_sir,smvb_sir,mvdr_pesq,smvb_pesq
0,15.714906232420825,14.263015029887583,1.0813413858413696,1.0809826850891113
